duplicate_group_id,canonical_candidate,document_id,file_name,relative_path,extension,size_bytes,sha256
EXACT00001,True,DOC000001,1-s2.0-S0886779816307866-main.pdf,Leyla Literatür/TunelMaliyet/1-s2.0-S0886779816307866-main.pdf,.pdf,1356072,1980884f21bd5c134c8e603a62bc715204b58c5d43382eb7b89a5779e380e1c7
EXACT00001,False,DOC000026,1-s2.0-S0886779816307866-main (2).pdf,Leyla Literatür/Tünel/1-s2.0-S0886779816307866-main (2).pdf,.pdf,1356072,1980884f21bd5c134c8e603a62bc715204b58c5d43382eb7b89a5779e380e1c7
EXACT00002,True,DOC000004,1999 05.06.B Chap 7 EN.pdf,Leyla Literatür/TunelMaliyet/1999 05.06.B Chap 7 EN.pdf,.pdf,61317,77cf2eb068cd0f71b6f6069617f35886b8f6fb4f66e7f4d78aae7b8de6935a72
EXACT00002,False,DOC000040,Cost of Maintenance_Piarc.pdf,Literatür ve Araştırmalar/Cost of Maintenance_Piarc.pdf,.pdf,61317,77cf2eb068cd0f71b6f6069617f35886b8f6fb4f66e7f4d78aae7b8de6935a72
EXACT00003,True,DOC000038,An Ex-Post Cost - Benefit Analysis of Bolu Mountain__Tunnel Project.pdf,Literatür ve Araştırmalar/An Ex-Post Cost - Benefit Analysis of Bolu Mountain__Tunnel Project.pdf,.pdf,288386,a95c677557c8064ee02e138b9b538bd52d1151c2cedca7bc1c2a18db66e01639
EXACT00003,False,DOC000008,An Ex-Post Cost - Benefit Analysis of Bolu Mountain__Tunnel Project[#473343]-558531.pdf,Leyla Literatür/TunelMaliyet/An Ex-Post Cost - Benefit Analysis of Bolu Mountain__Tunnel Project[#473343]-558531.pdf,.pdf,288386,a95c677557c8064ee02e138b9b538bd52d1151c2cedca7bc1c2a18db66e01639
EXACT00004,True,DOC000015,hif15005.pdf,Leyla Literatür/TunelMaliyet/hif15005.pdf,.pdf,15821876,b6a2b2e47753afe8699c10da551fe4afc311dcac8f4504a34c8e83d71fd157c8
EXACT00004,False,DOC000046,"Tunnel Operations, Maintenance, Inspectionand Evaluation Manual.pdf","Literatür ve Araştırmalar/Tunnel Operations, Maintenance, Inspectionand Evaluation Manual.pdf",.pdf,15821876,b6a2b2e47753afe8699c10da551fe4afc311dcac8f4504a34c8e83d71fd157c8
EXACT00005,True,DOC000016,HS2_Guide_to_Tunnelling_Costs.pdf,Leyla Literatür/TunelMaliyet/HS2_Guide_to_Tunnelling_Costs.pdf,.pdf,506043,376b6902031fe537a68c4606bbc954db0a2583e517f679e65b8aeded512e39cd
EXACT00005,False,DOC000043,HS2_Guide_to_Tunnelling_Costs.pdf,Literatür ve Araştırmalar/HS2_Guide_to_Tunnelling_Costs.pdf,.pdf,506043,376b6902031fe537a68c4606bbc954db0a2583e517f679e65b8aeded512e39cd
EXACT00006,True,DOC000127,M.Kemal Akman.pdf,Mehmet/Literatur/YTMK Tunelcilik Semineri/2013/M.Kemal Akman.pdf,.pdf,14996763,752100774713db4bce1bba84ccbd571af14868359841be4afb343ab4b4e4328f
EXACT00006,False,DOC000027,2bff0e55530a5f042b71b7245b9310a5_original (1).pdf,Leyla Literatür/Tünel/2bff0e55530a5f042b71b7245b9310a5_original (1).pdf,.pdf,14996763,752100774713db4bce1bba84ccbd571af14868359841be4afb343ab4b4e4328f
EXACT00007,True,DOC000126,Dr Orhan Simsek.pdf,Mehmet/Literatur/YTMK Tunelcilik Semineri/2013/Dr Orhan Simsek.pdf,.pdf,41138159,abc6dcf8e707da2f77f6aa3777630d823ed934fca48f67821114ed835ea64e63
EXACT00007,False,DOC000028,2bff0e55530a5f042b71b7245b9310a5_original (2).pdf,Leyla Literatür/Tünel/2bff0e55530a5f042b71b7245b9310a5_original (2).pdf,.pdf,41138159,abc6dcf8e707da2f77f6aa3777630d823ed934fca48f67821114ed835ea64e63
EXACT00008,True,DOC000125,Ahmet Sirin.pdf,Mehmet/Literatur/YTMK Tunelcilik Semineri/2013/Ahmet Sirin.pdf,.pdf,81051652,7f177b472ed62ef801089d0cdc51369c39b4f89669880fe37871ea63672066df
EXACT00008,False,DOC000029,2bff0e55530a5f042b71b7245b9310a5_original (3).pdf,Leyla Literatür/Tünel/2bff0e55530a5f042b71b7245b9310a5_original (3).pdf,.pdf,81051652,7f177b472ed62ef801089d0cdc51369c39b4f89669880fe37871ea63672066df
EXACT00009,True,DOC000130,Murat Dursun Barut.pdf,Mehmet/Literatur/YTMK Tunelcilik Semineri/2013/Murat Dursun Barut.pdf,.pdf,5273420,17e5e4aa41637a66b3dee7c8c71e79a278cdccb4c134fd115eb7a4a66aa24f32
EXACT00009,False,DOC000030,2bff0e55530a5f042b71b7245b9310a5_original (4).pdf,Leyla Literatür/Tünel/2bff0e55530a5f042b71b7245b9310a5_original (4).pdf,.pdf,5273420,17e5e4aa41637a66b3dee7c8c71e79a278cdccb4c134fd115eb7a4a66aa24f32
EXACT00010,True,DOC000131,Nurettin Demir.pdf,Mehmet/Literatur/YTMK Tunelcilik Semineri/2013/Nurettin Demir.pdf,.pdf,67050668,784b14ff9e8444a97c6d284d4fe232dab00589930f78f3c4ecf441816251e1db
EXACT00010,False,DOC000031,2bff0e55530a5f042b71b7245b9310a5_original (5).pdf,Leyla Literatür/Tünel/2bff0e55530a5f042b71b7245b9310a5_original (5).pdf,.pdf,67050668,784b14ff9e8444a97c6d284d4fe232dab00589930f78f3c4ecf441816251e1db
EXACT00010,False,DOC000032,2bff0e55530a5f042b71b7245b9310a5_original (6).pdf,Leyla Literatür/Tünel/2bff0e55530a5f042b71b7245b9310a5_original (6).pdf,.pdf,67050668,784b14ff9e8444a97c6d284d4fe232dab00589930f78f3c4ecf441816251e1db
EXACT00011,True,DOC000129,Muhammed Alyuruk.pdf,Mehmet/Literatur/YTMK Tunelcilik Semineri/2013/Muhammed Alyuruk.pdf,.pdf,9728807,290648f6f7fc8e05fe816c0b981659f49af95ca7c31f137e180c1169c15bbe29
EXACT00011,False,DOC000033,2bff0e55530a5f042b71b7245b9310a5_original (7).pdf,Leyla Literatür/Tünel/2bff0e55530a5f042b71b7245b9310a5_original (7).pdf,.pdf,9728807,290648f6f7fc8e05fe816c0b981659f49af95ca7c31f137e180c1169c15bbe29
EXACT00012,True,DOC000062,SinaKiziroglu.pdf,Mehmet/Kitap 2.Bolum/Kullanılan Dokumanlar/SinaKiziroglu.pdf,.pdf,15934688,ab9820d96be33b424672d580d8bfc3cb2133ef5306ca2dc708359bf0363d8e1c
EXACT00012,False,DOC000133,SinaKiziroglu.pdf,Mehmet/Literatur/YTMK Tunelcilik Semineri/2013/SinaKiziroglu.pdf,.pdf,15934688,ab9820d96be33b424672d580d8bfc3cb2133ef5306ca2dc708359bf0363d8e1c
EXACT00012,False,DOC000034,2bff0e55530a5f042b71b7245b9310a5_original.pdf,Leyla Literatür/Tünel/2bff0e55530a5f042b71b7245b9310a5_original.pdf,.pdf,15934688,ab9820d96be33b424672d580d8bfc3cb2133ef5306ca2dc708359bf0363d8e1c
EXACT00013,True,DOC000132,Prof Mahir Vardar.pdf,Mehmet/Literatur/YTMK Tunelcilik Semineri/2013/Prof Mahir Vardar.pdf,.pdf,34832019,c736114ad7d9ac29557c038d3125645cc50104cd1bb39ff873388c1f65c5ccbe
EXACT00013,False,DOC000035,d3ea386390156831f0600269fdb2e76a_original.pdf,Leyla Literatür/Tünel/d3ea386390156831f0600269fdb2e76a_original.pdf,.pdf,34832019,c736114ad7d9ac29557c038d3125645cc50104cd1bb39ff873388c1f65c5ccbe
EXACT00014,True,DOC000050,Tünel Eğitim Kitabı 8 EYLÜL 2016.pdf,Literatür ve Araştırmalar/Tünel Eğitim Kitabı 8 EYLÜL 2016.pdf,.pdf,36918819,746d18498e07a8a0f3978991903d15a1d843e26cc40b5609e519b429612ec84d
EXACT00014,False,DOC000065,Tünel Eğitim Kitabı 8 EYLÜL 2016.pdf,Mehmet/Kitap 2.Bolum/Kullanılan Dokumanlar/Tünel Eğitim Kitabı 8 EYLÜL 2016.pdf,.pdf,36918819,746d18498e07a8a0f3978991903d15a1d843e26cc40b5609e519b429612ec84d
EXACT00014,False,DOC000094,Tünel Eğitim Kitabı 8 EYLÜL 2016.pdf,Mehmet/Literatur/Tünel Eğitim Kitabı 8 EYLÜL 2016.pdf,.pdf,36918819,746d18498e07a8a0f3978991903d15a1d843e26cc40b5609e519b429612ec84d
EXACT00015,True,DOC000052,19 MayısUniversitesi14. hafta (2020-2021).pdf,Mehmet/Kitap 2.Bolum/Kullanılan Dokumanlar/19 MayısUniversitesi14. hafta (2020-2021).pdf,.pdf,2409297,26a13c5e78d13a2f070fa43831c41f18ec151c816a4eb05314b1fda3397c4653
EXACT00015,False,DOC000078,19 MayısUniversitesi14. hafta (2020-2021).pdf,Mehmet/Literatur/19 MayısUniversitesi14. hafta (2020-2021).pdf,.pdf,2409297,26a13c5e78d13a2f070fa43831c41f18ec151c816a4eb05314b1fda3397c4653
EXACT00016,True,DOC000053,Dergipark_Kop T__neli Yap__m __al____malar__ ve Metodolojisi[#367279]-384775.pdf,Mehmet/Kitap 2.Bolum/Kullanılan Dokumanlar/Dergipark_Kop T__neli Yap__m __al____malar__ ve Metodolojisi[#367279]-384775.pdf,.pdf,1588593,1e37bc8f02619f3efc525354baf1c302359835fd0b9d2f5a891adc867e3e607d
EXACT00016,False,DOC000080,Dergipark_Kop T__neli Yap__m __al____malar__ ve Metodolojisi[#367279]-384775.pdf,Mehmet/Literatur/Dergipark_Kop T__neli Yap__m __al____malar__ ve Metodolojisi[#367279]-384775.pdf,.pdf,1588593,1e37bc8f02619f3efc525354baf1c302359835fd0b9d2f5a891adc867e3e607d
EXACT00017,True,DOC000058,ITU Yuksek Lisans Tezi.pdf,Mehmet/Kitap 2.Bolum/Kullanılan Dokumanlar/ITU Yuksek Lisans Tezi.pdf,.pdf,5867079,eec30224d4cdbc5f8abf172e2ba4399f808cdb0c9d73e828c019bbb3791931a0
EXACT00017,False,DOC000084,ITU Yuksek Lisans Tezi.pdf,Mehmet/Literatur/ITU Yuksek Lisans Tezi.pdf,.pdf,5867079,eec30224d4cdbc5f8abf172e2ba4399f808cdb0c9d73e828c019bbb3791931a0
EXACT00018,True,DOC000059,KPT(KaynarcaPendikTuzla) Metrosu_24220221180893.pdf,Mehmet/Kitap 2.Bolum/Kullanılan Dokumanlar/KPT(KaynarcaPendikTuzla) Metrosu_24220221180893.pdf,.pdf,2778238,04d6baa6481db3bec1d18c9bcc97cf831dcaeb768a6d57ce7f74a52936e02ef2
EXACT00018,False,DOC000088,KPT(KaynarcaPendikTuzla) Metrosu_24220221180893.pdf,Mehmet/Literatur/KPT(KaynarcaPendikTuzla) Metrosu_24220221180893.pdf,.pdf,2778238,04d6baa6481db3bec1d18c9bcc97cf831dcaeb768a6d57ce7f74a52936e02ef2
EXACT00019,True,DOC000060,KTU_Tez_Tam Metin.pdf,Mehmet/Kitap 2.Bolum/Kullanılan Dokumanlar/KTU_Tez_Tam Metin.pdf,.pdf,6709971,674564f8c6d600238ac22b37a62038d0dec5a6d6cab5ec237c911947b959fbd2
EXACT00019,False,DOC000089,KTU_Tez_Tam Metin.pdf,Mehmet/Literatur/KTU_Tez_Tam Metin.pdf,.pdf,6709971,674564f8c6d600238ac22b37a62038d0dec5a6d6cab5ec237c911947b959fbd2
EXACT00020,True,DOC000063,tehlikeli-maddelerin-karayolu-ile-tasinmasi-yonetmelik-62b01f085fe6c.pdf,Mehmet/Kitap 2.Bolum/Kullanılan Dokumanlar/tehlikeli-maddelerin-karayolu-ile-tasinmasi-yonetmelik-62b01f085fe6c.pdf,.pdf,243881,19bb2d542f7e1f0a684f70c248797a21a306d50fbf9d86246ef70b47ac60e38d
EXACT00020,False,DOC000091,tehlikeli-maddelerin-karayolu-ile-tasinmasi-yonetmelik-62b01f085fe6c.pdf,Mehmet/Literatur/tehlikeli-maddelerin-karayolu-ile-tasinmasi-yonetmelik-62b01f085fe6c.pdf,.pdf,243881,19bb2d542f7e1f0a684f70c248797a21a306d50fbf9d86246ef70b47ac60e38d
EXACT00021,True,DOC000064,TUNELLERDE_DESTEK_SISTEMLERI_VE_GUCLENDI.pdf,Mehmet/Kitap 2.Bolum/Kullanılan Dokumanlar/TUNELLERDE_DESTEK_SISTEMLERI_VE_GUCLENDI.pdf,.pdf,4594113,cbf08cc5651cbc903a95c083d2fdb36504cddc0f780da372d9054069bb28a669
EXACT00021,False,DOC000093,TUNELLERDE_DESTEK_SISTEMLERI_VE_GUCLENDI.pdf,Mehmet/Literatur/TUNELLERDE_DESTEK_SISTEMLERI_VE_GUCLENDI.pdf,.pdf,4594113,cbf08cc5651cbc903a95c083d2fdb36504cddc0f780da372d9054069bb28a669
EXACT00022,True,DOC000066,1-NATM-2020.pptx,Mehmet/Kitap 2.Bolum/Kullanılan Dokumanlar/TÜNEL MÜH.GELİŞTİRME KURSU - (24-28.02.2020)_Kullanılan Dokumanlar/1-NATM-2020.pptx,.pptx,14376515,33e54b02175c174a99a7739012e0a70101e516836394186566041b705643cce9
EXACT00022,False,DOC000213,1-NATM-2020.pptx,TÜNEL MÜH.GELİŞTİRME KURSU - (24-28.02.2020)/1-NATM-2020.pptx,.pptx,14376515,33e54b02175c174a99a7739012e0a70101e516836394186566041b705643cce9
EXACT00023,True,DOC000068,TBM(Tunnel Boring Machine).pptx,Mehmet/Kitap 2.Bolum/Kullanılan Dokumanlar/TÜNEL MÜH.GELİŞTİRME KURSU - (24-28.02.2020)_Kullanılan Dokumanlar/TBM(Tunnel Boring Machine).pptx,.pptx,16907826,5f811a624baec87de732a24e235f5f0887f21a17fc42320a7002c14235e319aa
EXACT00023,False,DOC000257,TBM(Tunnel Boring Machine).pptx,TÜNEL MÜH.GELİŞTİRME KURSU - (24-28.02.2020)/DOKÜMANLAR/TBM(Tunnel Boring Machine).pptx,.pptx,16907826,5f811a624baec87de732a24e235f5f0887f21a17fc42320a7002c14235e319aa
EXACT00023,False,DOC000291,TBM(Tunnel Boring Machine).pptx,TÜNEL MÜH.GELİŞTİRME KURSU - (24-28.02.2020)/TBM(Tunnel Boring Machine).pptx,.pptx,16907826,5f811a624baec87de732a24e235f5f0887f21a17fc42320a7002c14235e319aa
EXACT00024,True,DOC000069,19 MayısUniversitesi14. hafta (2020-2021).docx,Mehmet/Kitap 2.Bolum/Kullanılan Dokumanlar/Word Dosyaları/19 MayısUniversitesi14. hafta (2020-2021).docx,.docx,1762160,43e15adde21fcb6bd4b3b48cb6332a31428312d3c406f330ad4fbaa63aecdcfa
EXACT00024,False,DOC000095,19 MayısUniversitesi14. hafta (2020-2021).docx,Mehmet/Literatur/Wordler/19 MayısUniversitesi14. hafta (2020-2021).docx,.docx,1762160,43e15adde21fcb6bd4b3b48cb6332a31428312d3c406f330ad4fbaa63aecdcfa
EXACT00025,True,DOC000070,Dergipark_Kop T__neli Yap__m __al____malar__ ve Metodolojisi#367279-384775.docx,Mehmet/Kitap 2.Bolum/Kullanılan Dokumanlar/Word Dosyaları/Dergipark_Kop T__neli Yap__m __al____malar__ ve Metodolojisi#367279-384775.docx,.docx,1258431,79b4e713b47ad813559ebeb269d37ed5ea60f56a1308da05d3610a2ed5578cc6
EXACT00025,False,DOC000097,Dergipark_Kop T__neli Yap__m __al____malar__ ve Metodolojisi#367279-384775.docx,Mehmet/Literatur/Wordler/Dergipark_Kop T__neli Yap__m __al____malar__ ve Metodolojisi#367279-384775.docx,.docx,1258431,79b4e713b47ad813559ebeb269d37ed5ea60f56a1308da05d3610a2ed5578cc6
EXACT00026,True,DOC000071,ITU Yuksek Lisans Tezi.docx,Mehmet/Kitap 2.Bolum/Kullanılan Dokumanlar/Word Dosyaları/ITU Yuksek Lisans Tezi.docx,.docx,1563470,cf2fad9c374cff80978324d92e88dd00d6cd4bcb5fd229df8973cfe565b1a477
EXACT00026,False,DOC000101,ITU Yuksek Lisans Tezi.docx,Mehmet/Literatur/Wordler/ITU Yuksek Lisans Tezi.docx,.docx,1563470,cf2fad9c374cff80978324d92e88dd00d6cd4bcb5fd229df8973cfe565b1a477
EXACT00027,True,DOC000072,KTU_Tez_Tam Metin.docx,Mehmet/Kitap 2.Bolum/Kullanılan Dokumanlar/Word Dosyaları/KTU_Tez_Tam Metin.docx,.docx,3471718,d8c47fd59b8c006c036f09be83fed7ee7fd3654016e8a6543caf32addd182c26
EXACT00027,False,DOC000104,KTU_Tez_Tam Metin.docx,Mehmet/Literatur/Wordler/KTU_Tez_Tam Metin.docx,.docx,3471718,d8c47fd59b8c006c036f09be83fed7ee7fd3654016e8a6543caf32addd182c26
EXACT00028,True,DOC000073,SinaKiziroglu.docx,Mehmet/Kitap 2.Bolum/Kullanılan Dokumanlar/Word Dosyaları/SinaKiziroglu.docx,.docx,44981113,9fea1e259f10c9d371f0762816d9b80216f58e29841b79b2ca26aa9312ec177c
EXACT00028,False,DOC000108,2bff0e55530a5f042b71b7245b9310a5_original.docx,Mehmet/Literatur/Wordler/YTMK/2013/2bff0e55530a5f042b71b7245b9310a5_original.docx,.docx,44981113,9fea1e259f10c9d371f0762816d9b80216f58e29841b79b2ca26aa9312ec177c
EXACT00029,True,DOC000074,TUNELLERDE_DESTEK_SISTEMLERI_VE_GUCLENDI.docx,Mehmet/Kitap 2.Bolum/Kullanılan Dokumanlar/Word Dosyaları/TUNELLERDE_DESTEK_SISTEMLERI_VE_GUCLENDI.docx,.docx,2672336,2acb6a1bea35571728e776f6c3a4449eb9abd9d79a34f3111e700a216eb6a2ea
EXACT00029,False,DOC000106,TUNELLERDE_DESTEK_SISTEMLERI_VE_GUCLENDI.docx,Mehmet/Literatur/Wordler/TUNELLERDE_DESTEK_SISTEMLERI_VE_GUCLENDI.docx,.docx,2672336,2acb6a1bea35571728e776f6c3a4449eb9abd9d79a34f3111e700a216eb6a2ea
EXACT00030,True,DOC000075,Tünel Eğitim Kitabı 8 EYLÜL 2016.docx,Mehmet/Kitap 2.Bolum/Kullanılan Dokumanlar/Word Dosyaları/Tünel Eğitim Kitabı 8 EYLÜL 2016.docx,.docx,25031973,1fb6b71a35f819248daf881974423edfaa28cfc580283528ee1be885a439fd2e
EXACT00030,False,DOC000107,Tünel Eğitim Kitabı 8 EYLÜL 2016.docx,Mehmet/Literatur/Wordler/Tünel Eğitim Kitabı 8 EYLÜL 2016.docx,.docx,25031973,1fb6b71a35f819248daf881974423edfaa28cfc580283528ee1be885a439fd2e
EXACT00031,True,DOC000153,10_Use of Foams for the Soil Conditioning in Excavations with EPB-TBMs - Envionmental Approach.pdf,Sunumlar_2022/10_Use of Foams for the Soil Conditioning in Excavations with EPB-TBMs - Envionmental Approach.pdf,.pdf,1161772,8c40ec5ec7c1cb1e451a146d3c19f951a3041dc6a83f0d886f536e059bbce6eb
EXACT00031,False,DOC000178,10_Use of Foams for the Soil Conditioning in Excavations with EPB-TBMs - Envionmental Approach.pdf,Tünel Dergisi/Sunumlar_2022/10_Use of Foams for the Soil Conditioning in Excavations with EPB-TBMs - Envionmental Approach.pdf,.pdf,1161772,8c40ec5ec7c1cb1e451a146d3c19f951a3041dc6a83f0d886f536e059bbce6eb
EXACT00032,True,DOC000154,11_A Tunnelling Experience in Difficult Ground Conditions in the Himalayas.pdf,Sunumlar_2022/11_A Tunnelling Experience in Difficult Ground Conditions in the Himalayas.pdf,.pdf,1801701,6a3e8bf61cc46e81e500a8315b25864943df7ce31ca83e59c5d00d36558481f1
EXACT00032,False,DOC000179,11_A Tunnelling Experience in Difficult Ground Conditions in the Himalayas.pdf,Tünel Dergisi/Sunumlar_2022/11_A Tunnelling Experience in Difficult Ground Conditions in the Himalayas.pdf,.pdf,1801701,6a3e8bf61cc46e81e500a8315b25864943df7ce31ca83e59c5d00d36558481f1
EXACT00033,True,DOC000155,12_1_Fire Safety in Tunnels.pdf,Sunumlar_2022/12_1_Fire Safety in Tunnels.pdf,.pdf,1098657,b952814dcd0347a888e7957e78f138ff40cb0b3eed7f10c34a215c3b1a775925
EXACT00033,False,DOC000180,12_1_Fire Safety in Tunnels.pdf,Tünel Dergisi/Sunumlar_2022/12_1_Fire Safety in Tunnels.pdf,.pdf,1098657,b952814dcd0347a888e7957e78f138ff40cb0b3eed7f10c34a215c3b1a775925
EXACT00034,True,DOC000156,12_2_Fire Safety in Tunnels.pdf,Sunumlar_2022/12_2_Fire Safety in Tunnels.pdf,.pdf,1389194,85283ef6c13967fdbf3453026f913b303b7a06a905bc8fd86cd93eb93685975b
EXACT00034,False,DOC000181,12_2_Fire Safety in Tunnels.pdf,Tünel Dergisi/Sunumlar_2022/12_2_Fire Safety in Tunnels.pdf,.pdf,1389194,85283ef6c13967fdbf3453026f913b303b7a06a905bc8fd86cd93eb93685975b
EXACT00035,True,DOC000157,1_Professor Arnold Dix_People and Planet – how to get finance for new projects that mitigate the perils of Climate Change now.pdf,Sunumlar_2022/1_Professor Arnold Dix_People and Planet – how to get finance for new projects that mitigate the perils of Climate Change now.pdf,.pdf,4247551,246054e0940d9efbe0562a68fc621120e8cf7a22fd1028f0a588f3fb998a6395
EXACT00035,False,DOC000182,1_Professor Arnold Dix_People and Planet – how to get finance for new projects that mitigate the perils of Climate Change now.pdf,Tünel Dergisi/Sunumlar_2022/1_Professor Arnold Dix_People and Planet – how to get finance for new projects that mitigate the perils of Climate Change now.pdf,.pdf,4247551,246054e0940d9efbe0562a68fc621120e8cf7a22fd1028f0a588f3fb998a6395
EXACT00036,True,DOC000158,2_Present and Future of Tunnel Constructions in Transportation Infrastructure.pdf,Sunumlar_2022/2_Present and Future of Tunnel Constructions in Transportation Infrastructure.pdf,.pdf,10408011,04c57c21fdf18e5176f04fa367b8aa609d394673f6051f3afffa206e12c8080f
EXACT00036,False,DOC000183,2_Present and Future of Tunnel Constructions in Transportation Infrastructure.pdf,Tünel Dergisi/Sunumlar_2022/2_Present and Future of Tunnel Constructions in Transportation Infrastructure.pdf,.pdf,10408011,04c57c21fdf18e5176f04fa367b8aa609d394673f6051f3afffa206e12c8080f
EXACT00037,True,DOC000159,3_HIZRAY Project and Planned Future of Istanbul Metro Works.pdf,Sunumlar_2022/3_HIZRAY Project and Planned Future of Istanbul Metro Works.pdf,.pdf,2957042,96783c6ed7f86ae20ca934964dbc5a84caa25b83f59f6a648481f87d6aa90eaf
EXACT00037,False,DOC000184,3_HIZRAY Project and Planned Future of Istanbul Metro Works.pdf,Tünel Dergisi/Sunumlar_2022/3_HIZRAY Project and Planned Future of Istanbul Metro Works.pdf,.pdf,2957042,96783c6ed7f86ae20ca934964dbc5a84caa25b83f59f6a648481f87d6aa90eaf
EXACT00038,True,DOC000160,"4_International Projects of Yapi Merkezi, Administrative Difficulties Encountered.pdf","Sunumlar_2022/4_International Projects of Yapi Merkezi, Administrative Difficulties Encountered.pdf",.pdf,5782364,1457e07af2b0f6b8533b9bc852928166f611084644bf7257b1b3e83f7f16d4a1
EXACT00038,False,DOC000185,"4_International Projects of Yapi Merkezi, Administrative Difficulties Encountered.pdf","Tünel Dergisi/Sunumlar_2022/4_International Projects of Yapi Merkezi, Administrative Difficulties Encountered.pdf",.pdf,5782364,1457e07af2b0f6b8533b9bc852928166f611084644bf7257b1b3e83f7f16d4a1
EXACT00039,True,DOC000161,"5_Past, Present and Future of Izmir Metro Works.pdf","Sunumlar_2022/5_Past, Present and Future of Izmir Metro Works.pdf",.pdf,6302108,7bea6c201c2cd943fbd77ed85a922766ac64943657c2f822f46256943a8abda8
EXACT00039,False,DOC000186,"5_Past, Present and Future of Izmir Metro Works.pdf","Tünel Dergisi/Sunumlar_2022/5_Past, Present and Future of Izmir Metro Works.pdf",.pdf,6302108,7bea6c201c2cd943fbd77ed85a922766ac64943657c2f822f46256943a8abda8
EXACT00040,True,DOC000162,"6_Past, Present and Future of DSI Tunnels.pdf","Sunumlar_2022/6_Past, Present and Future of DSI Tunnels.pdf",.pdf,6937320,f28df7cb6007defe882889017a983d7c06c169a31170e5b112017af625ae30b6
EXACT00040,False,DOC000187,"6_Past, Present and Future of DSI Tunnels.pdf","Tünel Dergisi/Sunumlar_2022/6_Past, Present and Future of DSI Tunnels.pdf",.pdf,6937320,f28df7cb6007defe882889017a983d7c06c169a31170e5b112017af625ae30b6
EXACT00041,True,DOC000163,7_Tunnel Projects in Indonesia and the Far East Opportunities for Turkish Contractors.pdf,Sunumlar_2022/7_Tunnel Projects in Indonesia and the Far East Opportunities for Turkish Contractors.pdf,.pdf,1461142,aebfb2790f94d4239847b45390573d6de454b397cc9405ddd5e8af1f952d3c8d
EXACT00041,False,DOC000188,7_Tunnel Projects in Indonesia and the Far East Opportunities for Turkish Contractors.pdf,Tünel Dergisi/Sunumlar_2022/7_Tunnel Projects in Indonesia and the Far East Opportunities for Turkish Contractors.pdf,.pdf,1461142,aebfb2790f94d4239847b45390573d6de454b397cc9405ddd5e8af1f952d3c8d
EXACT00042,True,DOC000164,8_Halkali - Istanbul Airport Metro Construction Works.pdf,Sunumlar_2022/8_Halkali - Istanbul Airport Metro Construction Works.pdf,.pdf,3552062,f036fbe6cc100faef49c498054f0700eb618c52fca4e5f4a0806dde7c9610c01
EXACT00042,False,DOC000189,8_Halkali - Istanbul Airport Metro Construction Works.pdf,Tünel Dergisi/Sunumlar_2022/8_Halkali - Istanbul Airport Metro Construction Works.pdf,.pdf,3552062,f036fbe6cc100faef49c498054f0700eb618c52fca4e5f4a0806dde7c9610c01
EXACT00043,True,DOC000165,9_Final Lining Design Approach for Reduction Tunnels.pdf,Sunumlar_2022/9_Final Lining Design Approach for Reduction Tunnels.pdf,.pdf,1321580,6ba9584fcdfdca8c91f6ed1462db0fadbd2f4c81e4f1f4542b0a1a95494be7f5
EXACT00043,False,DOC000190,9_Final Lining Design Approach for Reduction Tunnels.pdf,Tünel Dergisi/Sunumlar_2022/9_Final Lining Design Approach for Reduction Tunnels.pdf,.pdf,1321580,6ba9584fcdfdca8c91f6ed1462db0fadbd2f4c81e4f1f4542b0a1a95494be7f5
EXACT00044,True,DOC000166,Dünyadaki Son Gelişmeler Çerçevesinde Yüksek Hızlı Demiryolu Tünel Tasarımı.pdf,Sunumlar_2022/Dünyadaki Son Gelişmeler Çerçevesinde Yüksek Hızlı Demiryolu Tünel Tasarımı.pdf,.pdf,1291989,8290ac15a538bb0f22bd6901290c4685b98061d70ec6dc21f8d978decec27e7e
EXACT00044,False,DOC000191,Dünyadaki Son Gelişmeler Çerçevesinde Yüksek Hızlı Demiryolu Tünel Tasarımı.pdf,Tünel Dergisi/Sunumlar_2022/Dünyadaki Son Gelişmeler Çerçevesinde Yüksek Hızlı Demiryolu Tünel Tasarımı.pdf,.pdf,1291989,8290ac15a538bb0f22bd6901290c4685b98061d70ec6dc21f8d978decec27e7e
EXACT00045,True,DOC000167,Türkiye’deki Karayolu Tünellerinde Trafik.pdf,Sunumlar_2022/Türkiye’deki Karayolu Tünellerinde Trafik.pdf,.pdf,1294352,d6cabd5890cae7ee2a05c65b23d0264a1f69a65b12ed45d323ef654c7b93ac1a
EXACT00045,False,DOC000192,Türkiye’deki Karayolu Tünellerinde Trafik.pdf,Tünel Dergisi/Sunumlar_2022/Türkiye’deki Karayolu Tünellerinde Trafik.pdf,.pdf,1294352,d6cabd5890cae7ee2a05c65b23d0264a1f69a65b12ed45d323ef654c7b93ac1a
EXACT00046,True,DOC000260,OTOYOL TÜNELİ (4 ŞERİTLİ) PORTAL TASARIMI.pptx,TÜNEL MÜH.GELİŞTİRME KURSU - (24-28.02.2020)/DOKÜMANLAR/Tünelde Özel Çözümler/OTOYOL TÜNELİ (4 ŞERİTLİ) PORTAL TASARIMI.pptx,.pptx,30535184,eba6f7659063a3e0897bbd9762db5b5bfdccdfdb5a4ef6c58f0af07675131f7c
EXACT00046,False,DOC000296,OTOYOL TÜNELİ (4 ŞERİTLİ) PORTAL TASARIMI.pptx,TÜNEL MÜH.GELİŞTİRME KURSU - (24-28.02.2020)/Tünelde Özel Çözümler/OTOYOL TÜNELİ (4 ŞERİTLİ) PORTAL TASARIMI.pptx,.pptx,30535184,eba6f7659063a3e0897bbd9762db5b5bfdccdfdb5a4ef6c58f0af07675131f7c
EXACT00047,True,DOC000261,T-1OA.pptx,TÜNEL MÜH.GELİŞTİRME KURSU - (24-28.02.2020)/DOKÜMANLAR/Tünelde Özel Çözümler/T-1OA.pptx,.pptx,7474868,392642f7733f2a4d8b5099cdad7f3e5387a8183c22988ae4733f327bb768055f
EXACT00047,False,DOC000297,T-1OA.pptx,TÜNEL MÜH.GELİŞTİRME KURSU - (24-28.02.2020)/Tünelde Özel Çözümler/T-1OA.pptx,.pptx,7474868,392642f7733f2a4d8b5099cdad7f3e5387a8183c22988ae4733f327bb768055f
EXACT00048,True,DOC000262,T1 Tüneli KY.pptx,TÜNEL MÜH.GELİŞTİRME KURSU - (24-28.02.2020)/DOKÜMANLAR/Tünelde Özel Çözümler/T1 Tüneli KY.pptx,.pptx,15438959,01e403164c0361f59ca716cbdc834029883212f24feab0c290022d9d089ea82d
EXACT00048,False,DOC000298,T1 Tüneli KY.pptx,TÜNEL MÜH.GELİŞTİRME KURSU - (24-28.02.2020)/Tünelde Özel Çözümler/T1 Tüneli KY.pptx,.pptx,15438959,01e403164c0361f59ca716cbdc834029883212f24feab0c290022d9d089ea82d
EXACT00049,True,DOC000263,T1JETGROUT.pptx,TÜNEL MÜH.GELİŞTİRME KURSU - (24-28.02.2020)/DOKÜMANLAR/Tünelde Özel Çözümler/T1JETGROUT.pptx,.pptx,10206631,88730c77ad15671b96aeb63e9fd179190595853eebdcecd0bbab9c65f98fd11e
EXACT00049,False,DOC000299,T1JETGROUT.pptx,TÜNEL MÜH.GELİŞTİRME KURSU - (24-28.02.2020)/Tünelde Özel Çözümler/T1JETGROUT.pptx,.pptx,10206631,88730c77ad15671b96aeb63e9fd179190595853eebdcecd0bbab9c65f98fd11e
EXACT00050,True,DOC000264,T3 TÜNELİ ENJEKSİYON İPTALİ.pptm,TÜNEL MÜH.GELİŞTİRME KURSU - (24-28.02.2020)/DOKÜMANLAR/Tünelde Özel Çözümler/T3 TÜNELİ ENJEKSİYON İPTALİ.pptm,.pptm,3383546,8cd77050797aeb27474ab899ffc0581177f726b127e539c71452b46c78d9dd6e
EXACT00050,False,DOC000300,T3 TÜNELİ ENJEKSİYON İPTALİ.pptm,TÜNEL MÜH.GELİŞTİRME KURSU - (24-28.02.2020)/Tünelde Özel Çözümler/T3 TÜNELİ ENJEKSİYON İPTALİ.pptm,.pptm,3383546,8cd77050797aeb27474ab899ffc0581177f726b127e539c71452b46c78d9dd6e
EXACT00051,True,DOC000265,Thumbs.db,TÜNEL MÜH.GELİŞTİRME KURSU - (24-28.02.2020)/DOKÜMANLAR/Tünelde Özel Çözümler/Thumbs.db,.db,15872,a0c31079d7b46b94001a1858ff3a2ac402662c7ae7ab900fd171e93146f2381c
EXACT00051,False,DOC000301,Thumbs.db,TÜNEL MÜH.GELİŞTİRME KURSU - (24-28.02.2020)/Tünelde Özel Çözümler/Thumbs.db,.db,15872,a0c31079d7b46b94001a1858ff3a2ac402662c7ae7ab900fd171e93146f2381c
EXACT00052,True,DOC000277,~$rim Fiyat Tarifleri (Genel Müdürlük)-TÜNEL.doc,TÜNEL MÜH.GELİŞTİRME KURSU - (24-28.02.2020)/DOKÜMANLAR/~$rim Fiyat Tarifleri (Genel Müdürlük)-TÜNEL.doc,.doc,162,ae2e9e9876ce03b90abb44275ac978714bfe73803932dccc9a0c7521351fb8c7
EXACT00052,False,DOC000276,~$rim Fiyat Tarifleri (Genel Müdürlük)-TÜNEL (2).doc,TÜNEL MÜH.GELİŞTİRME KURSU - (24-28.02.2020)/DOKÜMANLAR/~$rim Fiyat Tarifleri (Genel Müdürlük)-TÜNEL (2).doc,.doc,162,ae2e9e9876ce03b90abb44275ac978714bfe73803932dccc9a0c7521351fb8c7
