logical_group_id,document_id,file_name,relative_path,extension,normalized_title,match_method,confidence,preferred_source
LOGICAL00001,DOC000109,00_Program.docx,Mehmet/Literatur/Wordler/YTMK/2015/00_Program.docx,.docx,00 program,exact_normalized_title,high,True
LOGICAL00001,DOC000135,00_Program.pdf,Mehmet/Literatur/YTMK Tunelcilik Semineri/2015/00_Program.pdf,.pdf,00 program,exact_normalized_title,high,False
LOGICAL00002,DOC000110,01_TUG_NATM.docx,Mehmet/Literatur/Wordler/YTMK/2015/01_TUG_NATM.docx,.docx,01 tug natm,exact_normalized_title,high,True
LOGICAL00002,DOC000136,01_TUG_NATM.pdf,Mehmet/Literatur/YTMK Tunelcilik Semineri/2015/01_TUG_NATM.pdf,.pdf,01 tug natm,exact_normalized_title,high,False
LOGICAL00003,DOC000111,02_3G_Investigation_strategy_AFa.docx,Mehmet/Literatur/Wordler/YTMK/2015/02_3G_Investigation_strategy_AFa.docx,.docx,02 3g investigation strategy afa,exact_normalized_title,high,True
LOGICAL00003,DOC000137,02_3G_Investigation_strategy_AFa.pdf,Mehmet/Literatur/YTMK Tunelcilik Semineri/2015/02_3G_Investigation_strategy_AFa.pdf,.pdf,02 3g investigation strategy afa,exact_normalized_title,high,False
LOGICAL00004,DOC000112,03_IGT-Influence_of_codes_guidelines_and_other_regulations_on_the_tunnel_design_in_Austria.docx,Mehmet/Literatur/Wordler/YTMK/2015/03_IGT-Influence_of_codes_guidelines_and_other_regulations_on_the_tunnel_design_in_Austria.docx,.docx,03 igt influence of codes guidelines and other regulations on the tunnel design in austria,exact_normalized_title,high,True
LOGICAL00004,DOC000138,03_IGT-Influence_of_codes_guidelines_and_other_regulations_on_the_tunnel_design_in_Austria.pdf,Mehmet/Literatur/YTMK Tunelcilik Semineri/2015/03_IGT-Influence_of_codes_guidelines_and_other_regulations_on_the_tunnel_design_in_Austria.pdf,.pdf,03 igt influence of codes guidelines and other regulations on the tunnel design in austria,exact_normalized_title,high,False
LOGICAL00005,DOC000113,04_TUG_Risk_oriented_design.docx,Mehmet/Literatur/Wordler/YTMK/2015/04_TUG_Risk_oriented_design.docx,.docx,04 tug risk oriented design,exact_normalized_title,high,True
LOGICAL00005,DOC000139,04_TUG_Risk_oriented_design.pdf,Mehmet/Literatur/YTMK Tunelcilik Semineri/2015/04_TUG_Risk_oriented_design.pdf,.pdf,04 tug risk oriented design,exact_normalized_title,high,False
LOGICAL00006,DOC000114,05_IGT-Design_of_tunnels_in_various_rock_conditions.docx,Mehmet/Literatur/Wordler/YTMK/2015/05_IGT-Design_of_tunnels_in_various_rock_conditions.docx,.docx,05 igt design of tunnels in various rock conditions,exact_normalized_title,high,True
LOGICAL00006,DOC000140,05_IGT-Design_of_tunnels_in_various_rock_conditions.pdf,Mehmet/Literatur/YTMK Tunelcilik Semineri/2015/05_IGT-Design_of_tunnels_in_various_rock_conditions.pdf,.pdf,05 igt design of tunnels in various rock conditions,exact_normalized_title,high,False
LOGICAL00007,DOC000115,06_OBB_Koralm_HW.docx,Mehmet/Literatur/Wordler/YTMK/2015/06_OBB_Koralm_HW.docx,.docx,06 obb koralm hw,exact_normalized_title,high,True
LOGICAL00007,DOC000141,06_OBB_Koralm_HW.pdf,Mehmet/Literatur/YTMK Tunelcilik Semineri/2015/06_OBB_Koralm_HW.pdf,.pdf,06 obb koralm hw,exact_normalized_title,high,False
LOGICAL00008,DOC000116,07_TUG_support_weak_ground.docx,Mehmet/Literatur/Wordler/YTMK/2015/07_TUG_support_weak_ground.docx,.docx,07 tug support weak ground,exact_normalized_title,high,True
LOGICAL00008,DOC000142,07_TUG_support_weak_ground.pdf,Mehmet/Literatur/YTMK Tunelcilik Semineri/2015/07_TUG_support_weak_ground.pdf,.pdf,07 tug support weak ground,exact_normalized_title,high,False
LOGICAL00009,DOC000117,09_TUG_Monitoring.docx,Mehmet/Literatur/Wordler/YTMK/2015/09_TUG_Monitoring.docx,.docx,09 tug monitoring,exact_normalized_title,high,True
LOGICAL00009,DOC000143,09_TUG_Monitoring.pdf,Mehmet/Literatur/YTMK Tunelcilik Semineri/2015/09_TUG_Monitoring.pdf,.pdf,09 tug monitoring,exact_normalized_title,high,False
LOGICAL00010,DOC000118,10_OBB_SiteOrganHW.docx,Mehmet/Literatur/Wordler/YTMK/2015/10_OBB_SiteOrganHW.docx,.docx,10 obb siteorganhw,exact_normalized_title,high,True
LOGICAL00010,DOC000144,10_OBB_SiteOrganHW.pdf,Mehmet/Literatur/YTMK Tunelcilik Semineri/2015/10_OBB_SiteOrganHW.pdf,.pdf,10 obb siteorganhw,exact_normalized_title,high,False
LOGICAL00011,DOC000119,11_IGT-Supplementary_jet_grouting_at_metro_Vienna_Lot_U1-10.docx,Mehmet/Literatur/Wordler/YTMK/2015/11_IGT-Supplementary_jet_grouting_at_metro_Vienna_Lot_U1-10.docx,.docx,11 igt supplementary jet grouting at metro vienna lot u1 10,exact_normalized_title,high,True
LOGICAL00011,DOC000146,11_IGT-Supplementary_jet_grouting_at_metro_Vienna_Lot_U1-10.pdf,Mehmet/Literatur/YTMK Tunelcilik Semineri/2015/11_IGT-Supplementary_jet_grouting_at_metro_Vienna_Lot_U1-10.pdf,.pdf,11 igt supplementary jet grouting at metro vienna lot u1 10,exact_normalized_title,high,False
LOGICAL00012,DOC000120,12_TUG_contract.docx,Mehmet/Literatur/Wordler/YTMK/2015/12_TUG_contract.docx,.docx,12 tug contract,exact_normalized_title,high,True
LOGICAL00012,DOC000147,12_TUG_contract.pdf,Mehmet/Literatur/YTMK Tunelcilik Semineri/2015/12_TUG_contract.pdf,.pdf,12 tug contract,exact_normalized_title,high,False
LOGICAL00013,DOC000069,19 MayısUniversitesi14. hafta (2020-2021).docx,Mehmet/Kitap 2.Bolum/Kullanılan Dokumanlar/Word Dosyaları/19 MayısUniversitesi14. hafta (2020-2021).docx,.docx,19 mayisuniversitesi14 hafta 2020 2021,exact_normalized_title,high,True
LOGICAL00013,DOC000052,19 MayısUniversitesi14. hafta (2020-2021).pdf,Mehmet/Kitap 2.Bolum/Kullanılan Dokumanlar/19 MayısUniversitesi14. hafta (2020-2021).pdf,.pdf,19 mayisuniversitesi14 hafta 2020 2021,exact_normalized_title,high,False
LOGICAL00014,DOC000121,Austrian-practice-of_tunnelling-contracts_Engl.docx,Mehmet/Literatur/Wordler/YTMK/2015/Austrian-practice-of_tunnelling-contracts_Engl.docx,.docx,austrian practice of tunnelling contracts engl,exact_normalized_title,high,True
LOGICAL00014,DOC000148,Austrian-practice-of_tunnelling-contracts_Engl.pdf,Mehmet/Literatur/YTMK Tunelcilik Semineri/2015/Austrian-practice-of_tunnelling-contracts_Engl.pdf,.pdf,austrian practice of tunnelling contracts engl,exact_normalized_title,high,False
LOGICAL00015,DOC000227,Birim Fiyat Tarifleri (Genel Müdürlük)-TÜNEL.doc,TÜNEL MÜH.GELİŞTİRME KURSU - (24-28.02.2020)/DOKÜMANLAR/Birim Fiyat Tarifleri (Genel Müdürlük)-TÜNEL.doc,.doc,birim fiyat tarifleri genel mudurluk tunel,exact_normalized_title,high,True
LOGICAL00015,DOC000228,Birim Fiyat Tarifleri (Genel Müdürlük)-TÜNEL.pdf,TÜNEL MÜH.GELİŞTİRME KURSU - (24-28.02.2020)/DOKÜMANLAR/Birim Fiyat Tarifleri (Genel Müdürlük)-TÜNEL.pdf,.pdf,birim fiyat tarifleri genel mudurluk tunel,exact_normalized_title,high,False
LOGICAL00016,DOC000096,CevreSehircilik_tunel-isler--20230202145300.docx,Mehmet/Literatur/Wordler/CevreSehircilik_tunel-isler--20230202145300.docx,.docx,cevresehircilik tunel isler 20230202145300,exact_normalized_title,high,True
LOGICAL00016,DOC000079,CevreSehircilik_tunel-isler--20230202145300.pdf,Mehmet/Literatur/CevreSehircilik_tunel-isler--20230202145300.pdf,.pdf,cevresehircilik tunel isler 20230202145300,exact_normalized_title,high,False
LOGICAL00017,DOC000070,Dergipark_Kop T__neli Yap__m __al____malar__ ve Metodolojisi#367279-384775.docx,Mehmet/Kitap 2.Bolum/Kullanılan Dokumanlar/Word Dosyaları/Dergipark_Kop T__neli Yap__m __al____malar__ ve Metodolojisi#367279-384775.docx,.docx,dergipark kop t neli yap m al malar ve metodolojisi 367279 384775,exact_normalized_title,high,True
LOGICAL00017,DOC000053,Dergipark_Kop T__neli Yap__m __al____malar__ ve Metodolojisi[#367279]-384775.pdf,Mehmet/Kitap 2.Bolum/Kullanılan Dokumanlar/Dergipark_Kop T__neli Yap__m __al____malar__ ve Metodolojisi[#367279]-384775.pdf,.pdf,dergipark kop t neli yap m al malar ve metodolojisi 367279 384775,exact_normalized_title,high,False
LOGICAL00018,DOC000122,Guideline_Geotechnical_Design_conv_2010_01.docx,Mehmet/Literatur/Wordler/YTMK/2015/Guideline_Geotechnical_Design_conv_2010_01.docx,.docx,guideline geotechnical design conv 2010 01,exact_normalized_title,high,True
LOGICAL00018,DOC000149,Guideline_Geotechnical_Design_conv_2010_01.pdf,Mehmet/Literatur/YTMK Tunelcilik Semineri/2015/Guideline_Geotechnical_Design_conv_2010_01.pdf,.pdf,guideline geotechnical design conv 2010 01,exact_normalized_title,high,False
LOGICAL00019,DOC000098,Harran Uni_Yüksek Lisans Tezi.docx,Mehmet/Literatur/Wordler/Harran Uni_Yüksek Lisans Tezi.docx,.docx,harran uni yuksek lisans tezi,exact_normalized_title,high,True
LOGICAL00019,DOC000081,Harran Uni_Yüksek Lisans Tezi.pdf,Mehmet/Literatur/Harran Uni_Yüksek Lisans Tezi.pdf,.pdf,harran uni yuksek lisans tezi,exact_normalized_title,high,False
LOGICAL00020,DOC000099,IMO_12782.docx,Mehmet/Literatur/Wordler/IMO_12782.docx,.docx,imo 12782,exact_normalized_title,high,True
LOGICAL00020,DOC000082,IMO_12782.pdf,Mehmet/Literatur/IMO_12782.pdf,.pdf,imo 12782,exact_normalized_title,high,False
LOGICAL00021,DOC000100,IMO_TBM Maliyet_18238_29_19.docx,Mehmet/Literatur/Wordler/IMO_TBM Maliyet_18238_29_19.docx,.docx,imo tbm maliyet 18238 29 19,exact_normalized_title,high,True
LOGICAL00021,DOC000083,IMO_TBM Maliyet_18238_29_19.pdf,Mehmet/Literatur/IMO_TBM Maliyet_18238_29_19.pdf,.pdf,imo tbm maliyet 18238 29 19,exact_normalized_title,high,False
LOGICAL00022,DOC000071,ITU Yuksek Lisans Tezi.docx,Mehmet/Kitap 2.Bolum/Kullanılan Dokumanlar/Word Dosyaları/ITU Yuksek Lisans Tezi.docx,.docx,itu yuksek lisans tezi,exact_normalized_title,high,True
LOGICAL00022,DOC000058,ITU Yuksek Lisans Tezi.pdf,Mehmet/Kitap 2.Bolum/Kullanılan Dokumanlar/ITU Yuksek Lisans Tezi.pdf,.pdf,itu yuksek lisans tezi,exact_normalized_title,high,False
LOGICAL00023,DOC000102,KayaTunelleri_AnkUni_Konu13.docx,Mehmet/Literatur/Wordler/KayaTunelleri_AnkUni_Konu13.docx,.docx,kayatunelleri ankuni konu13,exact_normalized_title,high,True
LOGICAL00023,DOC000085,KayaTunelleri_AnkUni_Konu13.pdf,Mehmet/Literatur/KayaTunelleri_AnkUni_Konu13.pdf,.pdf,kayatunelleri ankuni konu13,exact_normalized_title,high,False
LOGICAL00024,DOC000103,KPT(KaynarcaPendikTuzla) Metrosu_24220221180893.docx,Mehmet/Literatur/Wordler/KPT(KaynarcaPendikTuzla) Metrosu_24220221180893.docx,.docx,kpt kaynarcapendiktuzla metrosu 24220221180893,exact_normalized_title,high,True
LOGICAL00024,DOC000059,KPT(KaynarcaPendikTuzla) Metrosu_24220221180893.pdf,Mehmet/Kitap 2.Bolum/Kullanılan Dokumanlar/KPT(KaynarcaPendikTuzla) Metrosu_24220221180893.pdf,.pdf,kpt kaynarcapendiktuzla metrosu 24220221180893,exact_normalized_title,high,False
LOGICAL00025,DOC000072,KTU_Tez_Tam Metin.docx,Mehmet/Kitap 2.Bolum/Kullanılan Dokumanlar/Word Dosyaları/KTU_Tez_Tam Metin.docx,.docx,ktu tez tam metin,exact_normalized_title,high,True
LOGICAL00025,DOC000060,KTU_Tez_Tam Metin.pdf,Mehmet/Kitap 2.Bolum/Kullanılan Dokumanlar/KTU_Tez_Tam Metin.pdf,.pdf,ktu tez tam metin,exact_normalized_title,high,False
LOGICAL00026,DOC000105,Maden Muh Oda_Italyan Tunel Acma Yontemi2475424055cc5ce_ek.docx,Mehmet/Literatur/Wordler/Maden Muh Oda_Italyan Tunel Acma Yontemi2475424055cc5ce_ek.docx,.docx,maden muh oda italyan tunel acma yontemi2475424055cc5ce ek,exact_normalized_title,high,True
LOGICAL00026,DOC000090,Maden Muh Oda_Italyan Tunel Acma Yontemi2475424055cc5ce_ek.pdf,Mehmet/Literatur/Maden Muh Oda_Italyan Tunel Acma Yontemi2475424055cc5ce_ek.pdf,.pdf,maden muh oda italyan tunel acma yontemi2475424055cc5ce ek,exact_normalized_title,high,False
LOGICAL00027,DOC000123,OeGG_Monitoring_Handbook.docx,Mehmet/Literatur/Wordler/YTMK/2015/OeGG_Monitoring_Handbook.docx,.docx,oegg monitoring handbook,exact_normalized_title,high,True
LOGICAL00027,DOC000150,OeGG_Monitoring_Handbook.pdf,Mehmet/Literatur/YTMK Tunelcilik Semineri/2015/OeGG_Monitoring_Handbook.pdf,.pdf,oegg monitoring handbook,exact_normalized_title,high,False
LOGICAL00028,DOC000073,SinaKiziroglu.docx,Mehmet/Kitap 2.Bolum/Kullanılan Dokumanlar/Word Dosyaları/SinaKiziroglu.docx,.docx,sinakiziroglu,exact_normalized_title,high,True
LOGICAL00028,DOC000062,SinaKiziroglu.pdf,Mehmet/Kitap 2.Bolum/Kullanılan Dokumanlar/SinaKiziroglu.pdf,.pdf,sinakiziroglu,exact_normalized_title,high,False
LOGICAL00029,DOC000075,Tünel Eğitim Kitabı 8 EYLÜL 2016.docx,Mehmet/Kitap 2.Bolum/Kullanılan Dokumanlar/Word Dosyaları/Tünel Eğitim Kitabı 8 EYLÜL 2016.docx,.docx,tunel egitim kitabi 8 eylul 2016,exact_normalized_title,high,True
LOGICAL00029,DOC000050,Tünel Eğitim Kitabı 8 EYLÜL 2016.pdf,Literatür ve Araştırmalar/Tünel Eğitim Kitabı 8 EYLÜL 2016.pdf,.pdf,tunel egitim kitabi 8 eylul 2016,exact_normalized_title,high,False
LOGICAL00030,DOC000074,TUNELLERDE_DESTEK_SISTEMLERI_VE_GUCLENDI.docx,Mehmet/Kitap 2.Bolum/Kullanılan Dokumanlar/Word Dosyaları/TUNELLERDE_DESTEK_SISTEMLERI_VE_GUCLENDI.docx,.docx,tunellerde destek sistemleri ve guclendi,exact_normalized_title,high,True
LOGICAL00030,DOC000064,TUNELLERDE_DESTEK_SISTEMLERI_VE_GUCLENDI.pdf,Mehmet/Kitap 2.Bolum/Kullanılan Dokumanlar/TUNELLERDE_DESTEK_SISTEMLERI_VE_GUCLENDI.pdf,.pdf,tunellerde destek sistemleri ve guclendi,exact_normalized_title,high,False
LOGICAL00031,DOC000124,YTU Yuksek Lisans.docx,Mehmet/Literatur/Wordler/YTU Yuksek Lisans.docx,.docx,ytu yuksek lisans,exact_normalized_title,high,True
LOGICAL00031,DOC000152,YTU Yuksek Lisans.pdf,Mehmet/Literatur/YTU Yuksek Lisans.pdf,.pdf,ytu yuksek lisans,exact_normalized_title,high,False
